{
  "name": "lodash",
  "version": "3.4.0",
  "main": "lodash.js",
  "ignore": [
    ".*",
    "*.custom.*",
    "*.log",
    "*.map",
    "*.md",
    "lodash.src.js",
    "component.json",
    "package.json",
    "doc",
    "node_modules",
    "perf",
    "test",
    "vendor"
  ],
  "homepage": "https://github.com/lodash/lodash",
  "_release": "3.4.0",
  "_resolution": {
    "type": "version",
    "tag": "3.4.0",
    "commit": "e9712149a58b2907a386430f3ba86d09a243246f"
  },
  "_source": "https://github.com/lodash/lodash.git",
  "_target": "~3.4.0",
  "_originalSource": "lodash"
}