{
    "locale": "ja-JP",
    "date": {
        "ca": [
            "gregory",
            "buddhist",
            "chinese",
            "coptic",
            "dangi",
            "ethioaa",
            "ethiopic",
            "generic",
            "hebrew",
            "indian",
            "islamic",
            "japanese",
            "persian",
            "roc"
        ],
        "hourNo0": false,
        "hour12": false,
        "formats": [
            {
                "year": "numeric",
                "month": "long",
                "day": "numeric",
                "weekday": "long",
                "hour": "numeric",
                "minute": "2-digit",
                "second": "2-digit",
                "pattern": "{year}年{month}月{day}日({weekday}) {hour}:{minute}:{second}",
                "pattern12": "{year}年{month}月{day}日({weekday}) {ampm}{hour}:{minute}:{second}"
            },
            {
                "year": "numeric",
                "month": "long",
                "day": "numeric",
                "weekday": "long",
                "pattern": "{year}年{month}月{day}日({weekday}"
            },
            {
                "year": "numeric",
                "month": "long",
                "day": "numeric",
                "pattern": "{year}年{month}月{day}"
            },
            {
                "year": "numeric",
                "month": "numeric",
                "day": "numeric",
                "pattern": "{year}/{month}/{day}"
            },
            {
                "year": "numeric",
                "month": "numeric",
                "pattern": "{year}/{month}"
            },
            {
                "year": "numeric",
                "month": "long",
                "pattern": "{year}年{month}"
            },
            {
                "month": "long",
                "day": "numeric",
                "pattern": "{month}月{day}"
            },
            {
                "month": "numeric",
                "day": "numeric",
                "pattern": "{month}/{day}"
            },
            {
                "hour": "numeric",
                "minute": "2-digit",
                "second": "2-digit",
                "pattern": "{hour}:{minute}:{second}",
                "pattern12": "{ampm}{hour}:{minute}:{second}"
            },
            {
                "hour": "numeric",
                "minute": "2-digit",
                "pattern": "{hour}:{minute}",
                "pattern12": "{ampm}{hour}:{minute}"
            }
        ],
        "calendars": {
            "buddhist": {
                "eras": {
                    "short": [
                        "BE"
                    ],
                    "long": [
                        "仏暦"
                    ]
                }
            },
            "chinese": {
                "months": {
                    "narrow": [
                        "正",
                        "二",
                        "三",
                        "四",
                        "五",
                        "六",
                        "七",
                        "八",
                        "九",
                        "十",
                        "十一",
                        "十二"
                    ],
                    "short": [
                        "正月",
                        "二月",
                        "三月",
                        "四月",
                        "五月",
                        "六月",
                        "七月",
                        "八月",
                        "九月",
                        "十月",
                        "十一月",
                        "十二月"
                    ],
                    "long": [
                        "正月",
                        "二月",
                        "三月",
                        "四月",
                        "五月",
                        "六月",
                        "七月",
                        "八月",
                        "九月",
                        "十月",
                        "十一月",
                        "十二月"
                    ]
                }
            },
            "coptic": {
                "months": {
                    "narrow": [
                        "1",
                        "2",
                        "3",
                        "4",
                        "5",
                        "6",
                        "7",
                        "8",
                        "9",
                        "10",
                        "11",
                        "12",
                        "13"
                    ],
                    "short": [
                        "トウト",
                        "ババ",
                        "ハトール",
                        "キアック",
                        "トーバ",
                        "アムシール",
                        "バラムハート",
                        "バラモウダ",
                        "バシャンス",
                        "パオーナ",
                        "エペープ",
                        "メスラ",
                        "ナシエ"
                    ],
                    "long": [
                        "トウト",
                        "ババ",
                        "ハトール",
                        "キアック",
                        "トーバ",
                        "アムシール",
                        "バラムハート",
                        "バラモウダ",
                        "バシャンス",
                        "パオーナ",
                        "エペープ",
                        "メスラ",
                        "ナシエ"
                    ]
                },
                "eras": {
                    "short": [
                        "ERA0",
                        "ERA1"
                    ]
                }
            },
            "dangi": {
                "months": {
                    "narrow": [
                        "正",
                        "二",
                        "三",
                        "四",
                        "五",
                        "六",
                        "七",
                        "八",
                        "九",
                        "十",
                        "十一",
                        "十二"
                    ],
                    "short": [
                        "正月",
                        "二月",
                        "三月",
                        "四月",
                        "五月",
                        "六月",
                        "七月",
                        "八月",
                        "九月",
                        "十月",
                        "十一月",
                        "十二月"
                    ],
                    "long": [
                        "正月",
                        "二月",
                        "三月",
                        "四月",
                        "五月",
                        "六月",
                        "七月",
                        "八月",
                        "九月",
                        "十月",
                        "十一月",
                        "十二月"
                    ]
                }
            },
            "ethiopic": {
                "months": {
                    "narrow": [
                        "1",
                        "2",
                        "3",
                        "4",
                        "5",
                        "6",
                        "7",
                        "8",
                        "9",
                        "10",
                        "11",
                        "12",
                        "13"
                    ],
                    "short": [
                        "メスケレム",
                        "テケムト",
                        "ヘダル",
                        "ターサス",
                        "テル",
                        "イェカティト",
                        "メガビト",
                        "ミアジア",
                        "ゲンボト",
                        "セネ",
                        "ハムレ",
                        "ネハッセ",
                        "パグメン"
                    ],
                    "long": [
                        "メスケレム",
                        "テケムト",
                        "ヘダル",
                        "ターサス",
                        "テル",
                        "イェカティト",
                        "メガビト",
                        "ミアジア",
                        "ゲンボト",
                        "セネ",
                        "ハムレ",
                        "ネハッセ",
                        "パグメン"
                    ]
                },
                "eras": {
                    "short": [
                        "ERA0",
                        "ERA1"
                    ]
                }
            },
            "ethioaa": {
                "eras": {
                    "short": [
                        "ERA0"
                    ]
                }
            },
            "generic": {
                "months": {
                    "long": [
                        "M01",
                        "M02",
                        "M03",
                        "M04",
                        "M05",
                        "M06",
                        "M07",
                        "M08",
                        "M09",
                        "M10",
                        "M11",
                        "M12"
                    ]
                },
                "eras": {
                    "short": [
                        "ERA0",
                        "ERA1"
                    ]
                }
            },
            "gregory": {
                "months": {
                    "narrow": [
                        "1",
                        "2",
                        "3",
                        "4",
                        "5",
                        "6",
                        "7",
                        "8",
                        "9",
                        "10",
                        "11",
                        "12"
                    ],
                    "short": [
                        "1月",
                        "2月",
                        "3月",
                        "4月",
                        "5月",
                        "6月",
                        "7月",
                        "8月",
                        "9月",
                        "10月",
                        "11月",
                        "12月"
                    ],
                    "long": [
                        "1月",
                        "2月",
                        "3月",
                        "4月",
                        "5月",
                        "6月",
                        "7月",
                        "8月",
                        "9月",
                        "10月",
                        "11月",
                        "12月"
                    ]
                },
                "days": {
                    "narrow": [
                        "日",
                        "月",
                        "火",
                        "水",
                        "木",
                        "金",
                        "土"
                    ],
                    "short": [
                        "日",
                        "月",
                        "火",
                        "水",
                        "木",
                        "金",
                        "土"
                    ],
                    "long": [
                        "日曜日",
                        "月曜日",
                        "火曜日",
                        "水曜日",
                        "木曜日",
                        "金曜日",
                        "土曜日"
                    ]
                },
                "eras": {
                    "narrow": [
                        "BC",
                        "AD",
                        "BCE",
                        "CE"
                    ],
                    "short": [
                        "紀元前",
                        "西暦",
                        "西暦紀元前"
                    ],
                    "long": [
                        "紀元前",
                        "西暦",
                        "西暦紀元前"
                    ]
                },
                "dayPeriods": {
                    "am": "午前",
                    "pm": "午後"
                }
            },
            "hebrew": {
                "months": {
                    "narrow": [
                        "1",
                        "2",
                        "3",
                        "4",
                        "5",
                        "6",
                        "7",
                        "8",
                        "9",
                        "10",
                        "11",
                        "12",
                        "13",
                        "7"
                    ],
                    "short": [
                        "ティスレ",
                        "へシボン",
                        "キスレブ",
                        "テベット",
                        "シバット",
                        "アダル I",
                        "アダル",
                        "ニサン",
                        "イヤル",
                        "シバン",
                        "タムズ",
                        "アヴ",
                        "エルル",
                        "アダル II"
                    ],
                    "long": [
                        "ティスレ",
                        "へシボン",
                        "キスレブ",
                        "テベット",
                        "シバット",
                        "アダル I",
                        "アダル",
                        "ニサン",
                        "イヤル",
                        "シバン",
                        "タムズ",
                        "アヴ",
                        "エルル",
                        "アダル II"
                    ]
                },
                "eras": {
                    "short": [
                        "AM"
                    ]
                }
            },
            "indian": {
                "months": {
                    "narrow": [
                        "1",
                        "2",
                        "3",
                        "4",
                        "5",
                        "6",
                        "7",
                        "8",
                        "9",
                        "10",
                        "11",
                        "12"
                    ],
                    "short": [
                        "カイトラ",
                        "ヴァイサカ",
                        "ジャイスタ",
                        "アーサダ",
                        "スラバナ",
                        "バードラ",
                        "アスビナ",
                        "カルディカ",
                        "アヴラハヤナ",
                        "パウサ",
                        "マーガ",
                        "パルグナ"
                    ],
                    "long": [
                        "カイトラ",
                        "ヴァイサカ",
                        "ジャイスタ",
                        "アーサダ",
                        "スラバナ",
                        "バードラ",
                        "アスビナ",
                        "カルディカ",
                        "アヴラハヤナ",
                        "パウサ",
                        "マーガ",
                        "パルグナ"
                    ]
                },
                "eras": {
                    "short": [
                        "サカ"
                    ]
                }
            },
            "islamic": {
                "months": {
                    "narrow": [
                        "1",
                        "2",
                        "3",
                        "4",
                        "5",
                        "6",
                        "7",
                        "8",
                        "9",
                        "10",
                        "11",
                        "12"
                    ],
                    "short": [
                        "ムハッラム",
                        "サフアル",
                        "ラビー・ウル・アウワル",
                        "ラビー・ウッ・サーニー",
                        "ジュマーダル・アウワル",
                        "ジュマーダッサーニー",
                        "ラジャブ",
                        "シャアバーン",
                        "ラマダーン",
                        "シャウワール",
                        "ズル・カイダ",
                        "ズル・ヒッジャ"
                    ],
                    "long": [
                        "ムハッラム",
                        "サフアル",
                        "ラビー・ウル・アウワル",
                        "ラビー・ウッ・サーニー",
                        "ジュマーダル・アウワル",
                        "ジュマーダッサーニー",
                        "ラジャブ",
                        "シャアバーン",
                        "ラマダーン",
                        "シャウワール",
                        "ズル・カイダ",
                        "ズル・ヒッジャ"
                    ]
                },
                "eras": {
                    "short": [
                        "AH"
                    ]
                }
            },
            "japanese": {
                "eras": {
                    "narrow": [
                        "大化",
                        "白雉",
                        "白鳯",
                        "朱鳥",
                        "大宝",
                        "慶雲",
                        "和銅",
                        "霊亀",
                        "養老",
                        "神亀",
                        "天平",
                        "天平感宝",
                        "天平勝宝",
                        "天平宝字",
                        "天平神護",
                        "神護景雲",
                        "宝亀",
                        "天応",
                        "延暦",
                        "大同",
                        "弘仁",
                        "天長",
                        "承和",
                        "嘉祥",
                        "仁寿",
                        "斉衡",
                        "天安",
                        "貞観",
                        "元慶",
                        "仁和",
                        "寛平",
                        "昌泰",
                        "延喜",
                        "延長",
                        "承平",
                        "天慶",
                        "天暦",
                        "天徳",
                        "応和",
                        "康保",
                        "安和",
                        "天禄",
                        "天延",
                        "貞元",
                        "天元",
                        "永観",
                        "寛和",
                        "永延",
                        "永祚",
                        "正暦",
                        "長徳",
                        "長保",
                        "寛弘",
                        "長和",
                        "寛仁",
                        "治安",
                        "万寿",
                        "長元",
                        "長暦",
                        "長久",
                        "寛徳",
                        "永承",
                        "天喜",
                        "康平",
                        "治暦",
                        "延久",
                        "承保",
                        "承暦",
                        "永保",
                        "応徳",
                        "寛治",
                        "嘉保",
                        "永長",
                        "承徳",
                        "康和",
                        "長治",
                        "嘉承",
                        "天仁",
                        "天永",
                        "永久",
                        "元永",
                        "保安",
                        "天治",
                        "大治",
                        "天承",
                        "長承",
                        "保延",
                        "永治",
                        "康治",
                        "天養",
                        "久安",
                        "仁平",
                        "久寿",
                        "保元",
                        "平治",
                        "永暦",
                        "応保",
                        "長寛",
                        "永万",
                        "仁安",
                        "嘉応",
                        "承安",
                        "安元",
                        "治承",
                        "養和",
                        "寿永",
                        "元暦",
                        "文治",
                        "建久",
                        "正治",
                        "建仁",
                        "元久",
                        "建永",
                        "承元",
                        "建暦",
                        "建保",
                        "承久",
                        "貞応",
                        "元仁",
                        "嘉禄",
                        "安貞",
                        "寛喜",
                        "貞永",
                        "天福",
                        "文暦",
                        "嘉禎",
                        "暦仁",
                        "延応",
                        "仁治",
                        "寛元",
                        "宝治",
                        "建長",
                        "康元",
                        "正嘉",
                        "正元",
                        "文応",
                        "弘長",
                        "文永",
                        "建治",
                        "弘安",
                        "正応",
                        "永仁",
                        "正安",
                        "乾元",
                        "嘉元",
                        "徳治",
                        "延慶",
                        "応長",
                        "正和",
                        "文保",
                        "元応",
                        "元亨",
                        "正中",
                        "嘉暦",
                        "元徳",
                        "元弘",
                        "建武",
                        "延元",
                        "興国",
                        "正平",
                        "建徳",
                        "文中",
                        "天授",
                        "康暦",
                        "弘和",
                        "元中",
                        "至徳",
                        "嘉慶",
                        "康応",
                        "明徳",
                        "応永",
                        "正長",
                        "永享",
                        "嘉吉",
                        "文安",
                        "宝徳",
                        "享徳",
                        "康正",
                        "長禄",
                        "寛正",
                        "文正",
                        "応仁",
                        "文明",
                        "長享",
                        "延徳",
                        "明応",
                        "文亀",
                        "永正",
                        "大永",
                        "享禄",
                        "天文",
                        "弘治",
                        "永禄",
                        "元亀",
                        "天正",
                        "文禄",
                        "慶長",
                        "元和",
                        "寛永",
                        "正保",
                        "慶安",
                        "承応",
                        "明暦",
                        "万治",
                        "寛文",
                        "延宝",
                        "天和",
                        "貞享",
                        "元禄",
                        "宝永",
                        "正徳",
                        "享保",
                        "元文",
                        "寛保",
                        "延享",
                        "寛延",
                        "宝暦",
                        "明和",
                        "安永",
                        "天明",
                        "寛政",
                        "享和",
                        "文化",
                        "文政",
                        "天保",
                        "弘化",
                        "嘉永",
                        "安政",
                        "万延",
                        "文久",
                        "元治",
                        "慶応",
                        "M",
                        "T",
                        "S",
                        "H"
                    ],
                    "short": [
                        "大化",
                        "白雉",
                        "白鳯",
                        "朱鳥",
                        "大宝",
                        "慶雲",
                        "和銅",
                        "霊亀",
                        "養老",
                        "神亀",
                        "天平",
                        "天平感宝",
                        "天平勝宝",
                        "天平宝字",
                        "天平神護",
                        "神護景雲",
                        "宝亀",
                        "天応",
                        "延暦",
                        "大同",
                        "弘仁",
                        "天長",
                        "承和",
                        "嘉祥",
                        "仁寿",
                        "斉衡",
                        "天安",
                        "貞観",
                        "元慶",
                        "仁和",
                        "寛平",
                        "昌泰",
                        "延喜",
                        "延長",
                        "承平",
                        "天慶",
                        "天暦",
                        "天徳",
                        "応和",
                        "康保",
                        "安和",
                        "天禄",
                        "天延",
                        "貞元",
                        "天元",
                        "永観",
                        "寛和",
                        "永延",
                        "永祚",
                        "正暦",
                        "長徳",
                        "長保",
                        "寛弘",
                        "長和",
                        "寛仁",
                        "治安",
                        "万寿",
                        "長元",
                        "長暦",
                        "長久",
                        "寛徳",
                        "永承",
                        "天喜",
                        "康平",
                        "治暦",
                        "延久",
                        "承保",
                        "承暦",
                        "永保",
                        "応徳",
                        "寛治",
                        "嘉保",
                        "永長",
                        "承徳",
                        "康和",
                        "長治",
                        "嘉承",
                        "天仁",
                        "天永",
                        "永久",
                        "元永",
                        "保安",
                        "天治",
                        "大治",
                        "天承",
                        "長承",
                        "保延",
                        "永治",
                        "康治",
                        "天養",
                        "久安",
                        "仁平",
                        "久寿",
                        "保元",
                        "平治",
                        "永暦",
                        "応保",
                        "長寛",
                        "永万",
                        "仁安",
                        "嘉応",
                        "承安",
                        "安元",
                        "治承",
                        "養和",
                        "寿永",
                        "元暦",
                        "文治",
                        "建久",
                        "正治",
                        "建仁",
                        "元久",
                        "建永",
                        "承元",
                        "建暦",
                        "建保",
                        "承久",
                        "貞応",
                        "元仁",
                        "嘉禄",
                        "安貞",
                        "寛喜",
                        "貞永",
                        "天福",
                        "文暦",
                        "嘉禎",
                        "暦仁",
                        "延応",
                        "仁治",
                        "寛元",
                        "宝治",
                        "建長",
                        "康元",
                        "正嘉",
                        "正元",
                        "文応",
                        "弘長",
                        "文永",
                        "建治",
                        "弘安",
                        "正応",
                        "永仁",
                        "正安",
                        "乾元",
                        "嘉元",
                        "徳治",
                        "延慶",
                        "応長",
                        "正和",
                        "文保",
                        "元応",
                        "元亨",
                        "正中",
                        "嘉暦",
                        "元徳",
                        "元弘",
                        "建武",
                        "延元",
                        "興国",
                        "正平",
                        "建徳",
                        "文中",
                        "天授",
                        "康暦",
                        "弘和",
                        "元中",
                        "至徳",
                        "嘉慶",
                        "康応",
                        "明徳",
                        "応永",
                        "正長",
                        "永享",
                        "嘉吉",
                        "文安",
                        "宝徳",
                        "享徳",
                        "康正",
                        "長禄",
                        "寛正",
                        "文正",
                        "応仁",
                        "文明",
                        "長享",
                        "延徳",
                        "明応",
                        "文亀",
                        "永正",
                        "大永",
                        "享禄",
                        "天文",
                        "弘治",
                        "永禄",
                        "元亀",
                        "天正",
                        "文禄",
                        "慶長",
                        "元和",
                        "寛永",
                        "正保",
                        "慶安",
                        "承応",
                        "明暦",
                        "万治",
                        "寛文",
                        "延宝",
                        "天和",
                        "貞享",
                        "元禄",
                        "宝永",
                        "正徳",
                        "享保",
                        "元文",
                        "寛保",
                        "延享",
                        "寛延",
                        "宝暦",
                        "明和",
                        "安永",
                        "天明",
                        "寛政",
                        "享和",
                        "文化",
                        "文政",
                        "天保",
                        "弘化",
                        "嘉永",
                        "安政",
                        "万延",
                        "文久",
                        "元治",
                        "慶応",
                        "明治",
                        "大正",
                        "昭和",
                        "平成"
                    ]
                }
            },
            "persian": {
                "months": {
                    "narrow": [
                        "1",
                        "2",
                        "3",
                        "4",
                        "5",
                        "6",
                        "7",
                        "8",
                        "9",
                        "10",
                        "11",
                        "12"
                    ],
                    "short": [
                        "ファルヴァルディーン",
                        "オルディーベヘシュト",
                        "ホルダード",
                        "ティール",
                        "モルダード",
                        "シャハリーヴァル",
                        "メフル",
                        "アーバーン",
                        "アーザル",
                        "デイ",
                        "バフマン",
                        "エスファンド"
                    ],
                    "long": [
                        "ファルヴァルディーン",
                        "オルディーベヘシュト",
                        "ホルダード",
                        "ティール",
                        "モルダード",
                        "シャハリーヴァル",
                        "メフル",
                        "アーバーン",
                        "アーザル",
                        "デイ",
                        "バフマン",
                        "エスファンド"
                    ]
                },
                "eras": {
                    "short": [
                        "AP"
                    ]
                }
            },
            "roc": {
                "eras": {
                    "short": [
                        "民国前",
                        "民国"
                    ]
                }
            }
        }
    },
    "number": {
        "nu": [
            "latn"
        ],
        "patterns": {
            "decimal": {
                "positivePattern": "{number}",
                "negativePattern": "-{number}"
            },
            "currency": {
                "positivePattern": "{currency}{number}",
                "negativePattern": "-{currency}{number}"
            },
            "percent": {
                "positivePattern": "{number}%",
                "negativePattern": "-{number}%"
            }
        },
        "symbols": {
            "latn": {
                "decimal": ".",
                "group": ",",
                "nan": "NaN",
                "percent": "%",
                "infinity": "∞"
            }
        },
        "currencies": {
            "AUD": "AU$",
            "BRL": "R$",
            "CAD": "CA$",
            "CNY": "元",
            "EUR": "€",
            "GBP": "£",
            "HKD": "HK$",
            "ILS": "₪",
            "INR": "₹",
            "JPY": "￥",
            "KRW": "￦",
            "MXN": "MX$",
            "NZD": "NZ$",
            "THB": "฿",
            "TWD": "NT$",
            "USD": "$",
            "VND": "₫",
            "XAF": "FCFA",
            "XCD": "EC$",
            "XOF": "CFA",
            "XPF": "CFPF"
        }
    }
}