{
    "locale": "lo-LA",
    "date": {
        "ca": [
            "gregory",
            "buddhist",
            "chinese",
            "coptic",
            "ethioaa",
            "ethiopic",
            "generic",
            "hebrew",
            "indian",
            "islamic",
            "japanese",
            "persian",
            "roc"
        ],
        "hourNo0": true,
        "hour12": false,
        "formats": [
            {
                "weekday": "long",
                "day": "numeric",
                "month": "long",
                "year": "numeric",
                "hour": "numeric",
                "minute": "2-digit",
                "second": "2-digit",
                "pattern": "{weekday}, {day} {month} {year}, {hour}:{minute}:{second}",
                "pattern12": "{weekday}, {day} {month} {year}, {hour}:{minute}:{second} {ampm}"
            },
            {
                "weekday": "long",
                "day": "numeric",
                "month": "long",
                "year": "numeric",
                "pattern": "{weekday}, {day} {month} {year}"
            },
            {
                "day": "numeric",
                "month": "long",
                "year": "numeric",
                "pattern": "{day} {month} {year}"
            },
            {
                "day": "numeric",
                "month": "numeric",
                "year": "numeric",
                "pattern": "{day}/{month}/{year}"
            },
            {
                "month": "numeric",
                "year": "numeric",
                "pattern": "{month}/{year}"
            },
            {
                "month": "long",
                "year": "numeric",
                "pattern": "{month} {year}"
            },
            {
                "day": "numeric",
                "month": "long",
                "pattern": "{day} {month}"
            },
            {
                "day": "numeric",
                "month": "numeric",
                "pattern": "{day}/{month}"
            },
            {
                "hour": "numeric",
                "minute": "2-digit",
                "second": "2-digit",
                "pattern": "{hour}:{minute}:{second}",
                "pattern12": "{hour}:{minute}:{second} {ampm}"
            },
            {
                "hour": "numeric",
                "minute": "2-digit",
                "pattern": "{hour}:{minute}",
                "pattern12": "{hour}:{minute} {ampm}"
            }
        ],
        "calendars": {
            "buddhist": {
                "eras": {
                    "short": [
                        "ພ.ສ."
                    ]
                }
            },
            "chinese": {
                "months": {
                    "narrow": [
                        "1",
                        "2",
                        "3",
                        "4",
                        "5",
                        "6",
                        "7",
                        "8",
                        "9",
                        "10",
                        "11",
                        "12"
                    ],
                    "short": [
                        "1",
                        "2",
                        "3",
                        "4",
                        "5",
                        "6",
                        "7",
                        "8",
                        "9",
                        "10",
                        "11",
                        "12"
                    ],
                    "long": [
                        "1",
                        "2",
                        "3",
                        "4",
                        "5",
                        "6",
                        "7",
                        "8",
                        "9",
                        "10",
                        "11",
                        "12"
                    ]
                }
            },
            "coptic": {
                "months": {
                    "narrow": [
                        "1",
                        "2",
                        "3",
                        "4",
                        "5",
                        "6",
                        "7",
                        "8",
                        "9",
                        "10",
                        "11",
                        "12",
                        "13"
                    ],
                    "short": [
                        "ເທົາ",
                        "ບາບາ",
                        "ຮາໂຕ",
                        "ເຄຍ",
                        "ໂທບາ",
                        "ອຳເຊີ",
                        "ບາລຳຮາດ",
                        "ບາລາມູດາ",
                        "ບາສຮານ",
                        "ເປົານາ",
                        "ອີແປບ",
                        "ມາສລາ",
                        "ນາຊິວ"
                    ],
                    "long": [
                        "ເທົາ",
                        "ບາບາ",
                        "ຮາໂຕ",
                        "ເຄຍ",
                        "ໂທບາ",
                        "ອາເຊີ",
                        "ບາລຳຮາດ",
                        "ບາລາມູດາ",
                        "ບາສຮານ",
                        "ເປົານາ",
                        "ອີແປບ",
                        "ມາສລາ",
                        "ນາຊີວ"
                    ]
                },
                "eras": {
                    "short": [
                        "ERA0",
                        "ERA1"
                    ]
                }
            },
            "ethiopic": {
                "months": {
                    "narrow": [
                        "1",
                        "2",
                        "3",
                        "4",
                        "5",
                        "6",
                        "7",
                        "8",
                        "9",
                        "10",
                        "11",
                        "12",
                        "13"
                    ],
                    "short": [
                        "ແມສເຄີແຣມ",
                        "ເຕເກມ",
                        "ເຮດາ",
                        "ທາຊັສ",
                        "ເທີ",
                        "ເຍຄາທິດ",
                        "ເມກາບິດ",
                        "ເມຍເຊຍ",
                        "ເຈນບອດ",
                        "ເຊເນ",
                        "ຮຳເລ",
                        "ເນແຮສ໌",
                        "ພາກູເມນ"
                    ],
                    "long": [
                        "ແມສເຄີແຣມ",
                        "ເຕເກມ",
                        "ເຮດາ",
                        "ທາຊັສ",
                        "ເທີ",
                        "ເຍຄາທິດ",
                        "ເມກາບິດ",
                        "ເມຍເຊຍ",
                        "ເຈນບອດ",
                        "ເຊເນ",
                        "ຮຳເລ",
                        "ເນແຮສ໌",
                        "ພາກູເມນ"
                    ]
                },
                "eras": {
                    "short": [
                        "ERA0",
                        "ERA1"
                    ]
                }
            },
            "ethioaa": {
                "eras": {
                    "short": [
                        "ERA0"
                    ]
                }
            },
            "generic": {
                "months": {
                    "long": [
                        "M01",
                        "M02",
                        "M03",
                        "M04",
                        "M05",
                        "M06",
                        "M07",
                        "M08",
                        "M09",
                        "M10",
                        "M11",
                        "M12"
                    ]
                },
                "eras": {
                    "short": [
                        "ERA0",
                        "ERA1"
                    ]
                }
            },
            "gregory": {
                "months": {
                    "narrow": [
                        "1",
                        "2",
                        "3",
                        "4",
                        "5",
                        "6",
                        "7",
                        "8",
                        "9",
                        "10",
                        "11",
                        "12"
                    ],
                    "short": [
                        "ມ.ກ.",
                        "ກ.ພ.",
                        "ມ.ນ.",
                        "ມ.ສ.",
                        "ພ.ພ.",
                        "ມິ.ຖ.",
                        "ກ.ລ.",
                        "ສ.ຫ.",
                        "ກ.ຍ.",
                        "ຕ.ລ.",
                        "ພ.ຈ.",
                        "ທ.ວ."
                    ],
                    "long": [
                        "ມັງກອນ",
                        "ກຸມພາ",
                        "ມີນາ",
                        "ເມສາ",
                        "ພຶດສະພາ",
                        "ມິຖຸນາ",
                        "ກໍລະກົດ",
                        "ສິງຫາ",
                        "ກັນຍາ",
                        "ຕຸລາ",
                        "ພະຈິກ",
                        "ທັນວາ"
                    ]
                },
                "days": {
                    "narrow": [
                        "ວັນອາທິດ",
                        "ວັນຈັນ",
                        "ວັນອັງຄານ",
                        "ວັນພຸດ",
                        "ວັນພະຫັດ",
                        "ວັນສຸກ",
                        "ວັນເສົາ"
                    ],
                    "short": [
                        "ວັນອາທິດ",
                        "ວັນຈັນ",
                        "ວັນອັງຄານ",
                        "ວັນພຸດ",
                        "ວັນພະຫັດ",
                        "ວັນສຸກ",
                        "ວັນເສົາ"
                    ],
                    "long": [
                        "ວັນອາທິດ",
                        "ວັນຈັນ",
                        "ວັນອັງຄານ",
                        "ວັນພຸດ",
                        "ວັນພະຫັດ",
                        "ວັນສຸກ",
                        "ວັນເສົາ"
                    ]
                },
                "eras": {
                    "short": [
                        "ກ່ອນ ຄ.ສ.",
                        "ຄ.ສ."
                    ]
                },
                "dayPeriods": {
                    "am": "ກ່ອນທ່ຽງ",
                    "pm": "ຫຼັງທ່ຽງ"
                }
            },
            "hebrew": {
                "months": {
                    "short": [
                        "ທຣິດຣີ",
                        "ເຮວານ",
                        "ກິດເລບ",
                        "ເຕເວດ",
                        "ຊີວັດ",
                        "ອາດາ I",
                        "ອາດາ",
                        "ນິດຊານ",
                        "ອີຍາຣ",
                        "ສີວານ",
                        "ຕາມູ",
                        "ເອບ",
                        "ອີລູ",
                        "ອາດາ II"
                    ],
                    "long": [
                        "ທຣິດຣີ",
                        "ເຮວານ",
                        "ກິດເລບ",
                        "ເຕເວດ",
                        "ຊີວັດ",
                        "ອາດາ I",
                        "ອາດາ",
                        "ນິດຊານ",
                        "ອີຍາ",
                        "ສີວານ",
                        "ຕາມູ",
                        "ເອບ",
                        "ອີລູ",
                        "ອາດ II"
                    ]
                },
                "eras": {
                    "short": [
                        "AM"
                    ]
                }
            },
            "indian": {
                "months": {
                    "narrow": [
                        "1",
                        "2",
                        "3",
                        "4",
                        "5",
                        "6",
                        "7",
                        "8",
                        "9",
                        "10",
                        "11",
                        "12"
                    ],
                    "short": [
                        "ຈິຕຣາ",
                        "ວິສາຂະ",
                        "ເຊດຖາ",
                        "ອັດສາ",
                        "ສາຣາວານາ",
                        "ພະຕຣາ",
                        "ອັສວິຊາ",
                        "ການຕິກາ",
                        "ອັກຣາຮາຢານາ",
                        "ປຸສາ",
                        "ມາຄະ",
                        "ຜາລກຸນີ"
                    ],
                    "long": [
                        "ຈິຕຣາ",
                        "ວິສາຂະ",
                        "ເຊດຖາ",
                        "ອັດສາ",
                        "ສາຣາວານາ",
                        "ພະຕຣາ",
                        "ອັສວິຊາ",
                        "ການຕິກາ",
                        "ອັກຣາຮາຢານາ",
                        "ປຸສະຍາ",
                        "ມາຄະ",
                        "ຜາລກຸນີ"
                    ]
                },
                "eras": {
                    "short": [
                        "ມ.ສ."
                    ]
                }
            },
            "islamic": {
                "months": {
                    "narrow": [
                        "1",
                        "2",
                        "3",
                        "4",
                        "5",
                        "6",
                        "7",
                        "8",
                        "9",
                        "10",
                        "11",
                        "12"
                    ],
                    "short": [
                        "ມຸຮັດ",
                        "ເຄາະ",
                        "ຮອດບີ 1",
                        "ຮອກບີ 2",
                        "ນຸມາ 1",
                        "ນຸມາ 2",
                        "ເຮາະ",
                        "ຊະອ໌",
                        "ເຮາະມະ",
                        "ເຊົາ",
                        "ຊຸລກິອຸ",
                        "ຊຸລຫິຈ"
                    ],
                    "long": [
                        "ມຸຣະຮອມ",
                        "ຊາຟາຣ",
                        "ຮາບີ 1",
                        "ຮາບີ 2",
                        "ຈຸມາດາ 1",
                        "ຈຸມາດາ 2",
                        "ຮາຈັບ",
                        "ຊະບານ",
                        "ຮາມາດອນ",
                        "ເຊົາວັດ",
                        "ດຸອັດກິດະ",
                        "ດຸອັດກິຈະ"
                    ]
                },
                "eras": {
                    "short": [
                        "AH"
                    ]
                }
            },
            "japanese": {
                "eras": {
                    "narrow": [
                        "Taika (645-650)",
                        "Hakuchi (650-671)",
                        "Hakuhō (672-686)",
                        "Shuchō (686-701)",
                        "Taihō (701-704)",
                        "Keiun (704-708)",
                        "Wadō (708-715)",
                        "Reiki (715-717)",
                        "Yōrō (717-724)",
                        "Jinki (724-729)",
                        "Tempyō (729-749)",
                        "Tempyō-kampō (749-749)",
                        "Tempyō-shōhō (749-757)",
                        "Tempyō-hōji (757-765)",
                        "Temphō-jingo (765-767)",
                        "Jingo-keiun (767-770)",
                        "Hōki (770-780)",
                        "Ten-ō (781-782)",
                        "Enryaku (782-806)",
                        "Daidō (806-810)",
                        "Kōnin (810-824)",
                        "Tenchō (824-834)",
                        "Jōwa (834-848)",
                        "Kajō (848-851)",
                        "Ninju (851-854)",
                        "Saiko (854-857)",
                        "Tennan (857-859)",
                        "Jōgan (859-877)",
                        "Genkei (877-885)",
                        "Ninna (885-889)",
                        "Kampyō (889-898)",
                        "Shōtai (898-901)",
                        "Engi (901-923)",
                        "Enchō (923-931)",
                        "Shōhei (931-938)",
                        "Tengyō (938-947)",
                        "Tenryaku (947-957)",
                        "Tentoku (957-961)",
                        "Ōwa (961-964)",
                        "Kōhō (964-968)",
                        "Anna (968-970)",
                        "Tenroku (970-973)",
                        "Ten-en (973-976)",
                        "Jōgen (976-978)",
                        "Tengen (978-983)",
                        "Eikan (983-985)",
                        "Kanna (985-987)",
                        "Ei-en (987-989)",
                        "Eiso (989-990)",
                        "Shōryaku (990-995)",
                        "Chōtoku (995-999)",
                        "Chōhō (999-1004)",
                        "Kankō (1004-1012)",
                        "Chōwa (1012-1017)",
                        "Kannin (1017-1021)",
                        "Jian (1021-1024)",
                        "Manju (1024-1028)",
                        "Chōgen (1028-1037)",
                        "Chōryaku (1037-1040)",
                        "Chōkyū (1040-1044)",
                        "Kantoku (1044-1046)",
                        "Eishō (1046-1053)",
                        "Tengi (1053-1058)",
                        "Kōhei (1058-1065)",
                        "Jiryaku (1065-1069)",
                        "Enkyū (1069-1074)",
                        "Shōho (1074-1077)",
                        "Shōryaku (1077-1081)",
                        "Eiho (1081-1084)",
                        "Ōtoku (1084-1087)",
                        "Kanji (1087-1094)",
                        "Kaho (1094-1096)",
                        "Eichō (1096-1097)",
                        "Shōtoku (1097-1099)",
                        "Kōwa (1099-1104)",
                        "Chōji (1104-1106)",
                        "Kashō (1106-1108)",
                        "Tennin (1108-1110)",
                        "Ten-ei (1110-1113)",
                        "Eikyū (1113-1118)",
                        "Gen-ei (1118-1120)",
                        "Hoan (1120-1124)",
                        "Tenji (1124-1126)",
                        "Daiji (1126-1131)",
                        "Tenshō (1131-1132)",
                        "Chōshō (1132-1135)",
                        "Hoen (1135-1141)",
                        "Eiji (1141-1142)",
                        "Kōji (1142-1144)",
                        "Tenyō (1144-1145)",
                        "Kyūan (1145-1151)",
                        "Ninpei (1151-1154)",
                        "Kyūju (1154-1156)",
                        "Hogen (1156-1159)",
                        "Heiji (1159-1160)",
                        "Eiryaku (1160-1161)",
                        "Ōho (1161-1163)",
                        "Chōkan (1163-1165)",
                        "Eiman (1165-1166)",
                        "Nin-an (1166-1169)",
                        "Kaō (1169-1171)",
                        "Shōan (1171-1175)",
                        "Angen (1175-1177)",
                        "Jishō (1177-1181)",
                        "Yōwa (1181-1182)",
                        "Juei (1182-1184)",
                        "Genryuku (1184-1185)",
                        "Bunji (1185-1190)",
                        "Kenkyū (1190-1199)",
                        "Shōji (1199-1201)",
                        "Kennin (1201-1204)",
                        "Genkyū (1204-1206)",
                        "Ken-ei (1206-1207)",
                        "Shōgen (1207-1211)",
                        "Kenryaku (1211-1213)",
                        "Kenpō (1213-1219)",
                        "Shōkyū (1219-1222)",
                        "Jōō (1222-1224)",
                        "Gennin (1224-1225)",
                        "Karoku (1225-1227)",
                        "Antei (1227-1229)",
                        "Kanki (1229-1232)",
                        "Jōei (1232-1233)",
                        "Tempuku (1233-1234)",
                        "Bunryaku (1234-1235)",
                        "Katei (1235-1238)",
                        "Ryakunin (1238-1239)",
                        "En-ō (1239-1240)",
                        "Ninji (1240-1243)",
                        "Kangen (1243-1247)",
                        "Hōji (1247-1249)",
                        "Kenchō (1249-1256)",
                        "Kōgen (1256-1257)",
                        "Shōka (1257-1259)",
                        "Shōgen (1259-1260)",
                        "Bun-ō (1260-1261)",
                        "Kōchō (1261-1264)",
                        "Bun-ei (1264-1275)",
                        "Kenji (1275-1278)",
                        "Kōan (1278-1288)",
                        "Shōō (1288-1293)",
                        "Einin (1293-1299)",
                        "Shōan (1299-1302)",
                        "Kengen (1302-1303)",
                        "Kagen (1303-1306)",
                        "Tokuji (1306-1308)",
                        "Enkei (1308-1311)",
                        "Ōchō (1311-1312)",
                        "Shōwa (1312-1317)",
                        "Bunpō (1317-1319)",
                        "Genō (1319-1321)",
                        "Genkyō (1321-1324)",
                        "Shōchū (1324-1326)",
                        "Kareki (1326-1329)",
                        "Gentoku (1329-1331)",
                        "Genkō (1331-1334)",
                        "Kemmu (1334-1336)",
                        "Engen (1336-1340)",
                        "Kōkoku (1340-1346)",
                        "Shōhei (1346-1370)",
                        "Kentoku (1370-1372)",
                        "Bunchũ (1372-1375)",
                        "Tenju (1375-1379)",
                        "Kōryaku (1379-1381)",
                        "Kōwa (1381-1384)",
                        "Genchũ (1384-1392)",
                        "Meitoku (1384-1387)",
                        "Kakei (1387-1389)",
                        "Kōō (1389-1390)",
                        "Meitoku (1390-1394)",
                        "Ōei (1394-1428)",
                        "Shōchō (1428-1429)",
                        "Eikyō (1429-1441)",
                        "Kakitsu (1441-1444)",
                        "Bun-an (1444-1449)",
                        "Hōtoku (1449-1452)",
                        "Kyōtoku (1452-1455)",
                        "Kōshō (1455-1457)",
                        "Chōroku (1457-1460)",
                        "Kanshō (1460-1466)",
                        "Bunshō (1466-1467)",
                        "Ōnin (1467-1469)",
                        "Bunmei (1469-1487)",
                        "Chōkyō (1487-1489)",
                        "Entoku (1489-1492)",
                        "Meiō (1492-1501)",
                        "Bunki (1501-1504)",
                        "Eishō (1504-1521)",
                        "Taiei (1521-1528)",
                        "Kyōroku (1528-1532)",
                        "Tenmon (1532-1555)",
                        "Kōji (1555-1558)",
                        "Eiroku (1558-1570)",
                        "Genki (1570-1573)",
                        "Tenshō (1573-1592)",
                        "Bunroku (1592-1596)",
                        "Keichō (1596-1615)",
                        "Genwa (1615-1624)",
                        "Kan-ei (1624-1644)",
                        "Shōho (1644-1648)",
                        "Keian (1648-1652)",
                        "Shōō (1652-1655)",
                        "Meiryaku (1655-1658)",
                        "Manji (1658-1661)",
                        "Kanbun (1661-1673)",
                        "Enpō (1673-1681)",
                        "Tenwa (1681-1684)",
                        "Jōkyō (1684-1688)",
                        "Genroku (1688-1704)",
                        "Hōei (1704-1711)",
                        "Shōtoku (1711-1716)",
                        "Kyōhō (1716-1736)",
                        "Genbun (1736-1741)",
                        "Kanpō (1741-1744)",
                        "Enkyō (1744-1748)",
                        "Kan-en (1748-1751)",
                        "Hōryaku (1751-1764)",
                        "Meiwa (1764-1772)",
                        "An-ei (1772-1781)",
                        "Tenmei (1781-1789)",
                        "Kansei (1789-1801)",
                        "Kyōwa (1801-1804)",
                        "Bunka (1804-1818)",
                        "Bunsei (1818-1830)",
                        "Tenpō (1830-1844)",
                        "Kōka (1844-1848)",
                        "Kaei (1848-1854)",
                        "Ansei (1854-1860)",
                        "Man-en (1860-1861)",
                        "Bunkyū (1861-1864)",
                        "Genji (1864-1865)",
                        "Keiō (1865-1868)",
                        "M",
                        "T",
                        "S",
                        "H"
                    ],
                    "short": [
                        "ທະອິກະ (645–650)",
                        "ຮາກູຊິ (650–671)",
                        "ຮາກູໂຮ (672–686)",
                        "ຊູໂຊ (686–701)",
                        "ທາອິໂຮ (701–704)",
                        "ເຄອຸງ (704–708)",
                        "ວະໂດ (708–715)",
                        "ເຣອິກິ (715–717)",
                        "ໂຢໂຣ (717–724)",
                        "ຈິງກິ (724–729)",
                        "ເທັມປຽວ (729–749)",
                        "ເທັມປຽວ-ຄໍາໂປ (749–749)",
                        "ເທັມປຽວ-ໂຊໂຮ (749–757)",
                        "ເທັມປຽວ-ໂຮຈິ (757–765)",
                        "ເທັມປຽວ-ຈິງໂງະ (765–767)",
                        "ຈິງໂງະ-ເຄອຸງ (767–770)",
                        "ໂຮກິ (770–780)",
                        "ເທັນ-ໂອ (781–782)",
                        "ເອັນຣຢາກຸ (782–806)",
                        "ດາອິໂດ (806–810)",
                        "ໂກນິນ (810–824)",
                        "ເທັນໂຊ (824–834)",
                        "ໂຊວະ (834–848)",
                        "ກະໂຈ (848–851)",
                        "ນິນຈູ (851–854)",
                        "ສະອິໂກະ (854–857)",
                        "ເທັນນານ (857–859)",
                        "ໂຈງານ (859–877)",
                        "ເກັນເກ (877–885)",
                        "ນິນນາ (885–889)",
                        "ກໍາປຽວ (889–898)",
                        "ໂຊຕາອິ (898–901)",
                        "ເອັນງິ (901–923)",
                        "ເອັນໂຊ (923–931)",
                        "ໂຊເຮ (931–938)",
                        "ເທັນງຽວ (938–947)",
                        "ເທັນຣຢາກູ (947–957)",
                        "ເທັນໂຕະກຸ (957–961)",
                        "ໂອວະ (961–964)",
                        "ໂກໂຮ (964–968)",
                        "ອານະ (968–970)",
                        "ເທັນໂຣະກຸ (970–973)",
                        "ເທັນ-ເອັນ (973–976)",
                        "ໂຈເງັນ (976–978)",
                        "ເທັນເງັນ (978–983)",
                        "ເອການ (983–985)",
                        "ການນະ (985–987)",
                        "ເອ-ເອັນ (987–989)",
                        "ເອໂຊ (989–990)",
                        "ໂຊຣຢະກຸ (990–995)",
                        "ໂຊໂຕະກຸ (995–999)",
                        "ໂຊໂຮ (999–1004)",
                        "ການໂກ (1004–1012)",
                        "ໂຊຫວະ (1012–1017)",
                        "ການນິງ (1017–1021)",
                        "ຈິອານ (1021–1024)",
                        "ມານຈຸ (1024–1028)",
                        "ໂຊເງັນ (1028–1037)",
                        "ໂຊເຣຢະກຸ (1037–1040)",
                        "ໂຊຄິວ (1040–1044)",
                        "ການໂຕະກຸ (1044–1046)",
                        "ເອະໂຊ (1046–1053)",
                        "ເທັນງິ (1053–1058)",
                        "ໂກເຮ (1058–1065)",
                        "ຈິເຣຢະກຸ (1065–1069)",
                        "ເອັນຄິວ (1069–1074)",
                        "ໂຊະໂຮ (1074–1077)",
                        "ໂຊະເຣຢະກຸ (1077–1081)",
                        "ເອໂຊະ (1081–1084)",
                        "ໂອໂຕະກຸ (1084–1087)",
                        "ການຈິ (1087–1094)",
                        "ກາໂຊ (1094–1096)",
                        "ເອະໂຊະ (1096–1097)",
                        "ໂຊະໂຕະກຸ (1097–1099)",
                        "ໂກະວະ (1099–1104)",
                        "ໂຊະຈິ (1104–1106)",
                        "ກາໂຊະ (1106–1108)",
                        "ເທັນນິນ (1108–1110)",
                        "ເທັນ-ອິ (1110–1113)",
                        "ເອກິວ (1113–1118)",
                        "ເຄັນ-ເອ (1118–1120)",
                        "ໂຮະອານ (1120–1124)",
                        "ເທັນຈິ (1124–1126)",
                        "ດາອິຈິ (1126–1131)",
                        "ເທັນໂຊະ (1131–1132)",
                        "ໂຊະໂຊະ (1132–1135)",
                        "ໂຮເອັນ (1135–1141)",
                        "ເອຈິ (1141–1142)",
                        "ໂກະຈິ (1142–1144)",
                        "ເທັນໂຢະ (1144–1145)",
                        "ຄິວອານ (1145–1151)",
                        "ນິນເປ (1151–1154)",
                        "ຄິວຈຸ (1154–1156)",
                        "ໂຮເຄັນ (1156–1159)",
                        "ເຮຈິ (1159–1160)",
                        "ເອເຣຢະກຸ (1160–1161)",
                        "ໂອໂຊ (1161–1163)",
                        "ໂຊະການ (1163–1165)",
                        "ເອມານ (1165–1166)",
                        "ນິນ-ອານ (1166–1169)",
                        "ກະໂອ (1169–1171)",
                        "ໂຊະອານ (1171–1175)",
                        "ອານເຄັນ (1175–1177)",
                        "ຈິໂຊະ (1177–1181)",
                        "ໂຢະວະ (1181–1182)",
                        "ຈຸເອະ (1182–1184)",
                        "ເຄັນເຣຢຸກິ (1184–1185)",
                        "ບັນຈິ (1185–1190)",
                        "ເກັນຄິວ (1190–1199)",
                        "ໂຊຈິ (1199–1201)",
                        "ເກັນນິນ (1201–1204)",
                        "ເຄັນກິວ (1204–1206)",
                        "ເກັນ-ເອະ (1206–1207)",
                        "ໂຊະເຄັນ (1207–1211)",
                        "ເກັນເຣຢະກຸ (1211–1213)",
                        "ເກັນໂປະ (1213–1219)",
                        "ໂຊະກິວ (1219–1222)",
                        "ໂຈະໂອະ (1222–1224)",
                        "ເຄັນນິນ (1224–1225)",
                        "ກາໂຮກຸ (1225–1227)",
                        "ອານເຕະ (1227–1229)",
                        "ການກິ (1229–1232)",
                        "ໂຈະເອະ (1232–1233)",
                        "ເທັມປຸກຸ (1233–1234)",
                        "ບັນເຣຢະກຸ (1234–1235)",
                        "ກາເຕະ (1235–1238)",
                        "ເຣຢະກຸນິນ (1238–1239)",
                        "ເອັນ-ໂອ (1239–1240)",
                        "ນິນຈີ (1240–1243)",
                        "ຄານເຈນ (1243–1247)",
                        "ໂຫຈີ (1247–1249)",
                        "ເຄນໂຊ (1249–1256)",
                        "ໂຄເຈນ (1256–1257)",
                        "ໂຊກາ (1257–1259)",
                        "ໂຊເກນ (1259–1260)",
                        "ບຸນ-ໂອ (1260–1261)",
                        "ໂຄໂຊ (1261–1264)",
                        "ບຸນ-ອີ (1264–1275)",
                        "ເຄນຈີ (1275–1278)",
                        "ເຄິນ (1278–1288)",
                        "ໂຊ (1288–1293)",
                        "ອິນນິນ (1293–1299)",
                        "ເຊີນ (1299–1302)",
                        "ເຄນເຈນ (1302–1303)",
                        "ຄາເຈນ (1303–1306)",
                        "ໂຕກູຈິ (1306–1308)",
                        "ອິນກິ (1308–1311)",
                        "ໂອໂຊ (1300–1312)",
                        "ໂຊວາ (1312–1317)",
                        "ບຸນໂປ (1317–1319)",
                        "ຈີໂນ (1319–1321)",
                        "ເຈນກຽວ (1321–1324)",
                        "ໂຊຊິ (1324–1326)",
                        "ຄາຣາກິ (1326–1329)",
                        "ເຈນໂຕກູ (1329–1331)",
                        "ເຈນໂກ (1331–1334)",
                        "ເກັມມຸ (1334–1336)",
                        "ເອັນເຈັນ (1336–1340)",
                        "ໂກໂກກຸ (1340–1346)",
                        "ໂຊຊິ (1346–1370)",
                        "ເຄນໂຕກຸ (1370–1372)",
                        "ບຸນຊຸ (1372–1375)",
                        "ເທັນຈຸ (1375–1379)",
                        "ຄໍຢາກຸ (1379–1381)",
                        "ໂກວາ (1381–1384)",
                        "ເຈັນຊຸ (1384–1392)",
                        "ມີໂຕກຸ (1384–1387)",
                        "ກາກິ (1387–1389)",
                        "ຄູ (1389–1390)",
                        "ມິໂຕກຸ (1390–1394)",
                        "ໂອອິ (1394–1428)",
                        "ໂຊໂຊ (1428–1429)",
                        "ອິກຽວ (1429–1441)",
                        "ກາກິຊຸ (1441–1444)",
                        "ບຸນ-ອານ (1444–1449)",
                        "ໂຫໂຕກຸ (1449–1452)",
                        "ກຽວໂຕກຸ (1452–1455)",
                        "ເກໂຊ (1455–1457)",
                        "ໂຊໂຣກຸ (1457–1460)",
                        "ຄານໂຊ (1460–1466)",
                        "ບຸນໂຊ (1466–1467)",
                        "ໂອນິນ (1467–1469)",
                        "ບຸນມິ (1469–1487)",
                        "ໂຊກຽວ (1487–1489)",
                        "ເອັນໂຕກຸ (1489–1492)",
                        "ມິໂອ (1492–1501)",
                        "ບຸນກິ (1501–1504)",
                        "ອິໂຊ (1504–1521)",
                        "ໄຕອິ (1521–1528)",
                        "ກຽວໂຣກຸ (1528–1532)",
                        "ເທັນມອນ (1532–1555)",
                        "ໂກຈິ (1555–1558)",
                        "ອິໂຣກຸ (1558–1570)",
                        "ເຈັນກິ (1570–1573)",
                        "ເທັນໂຊ (1573–1592)",
                        "ບຸນໂຣກຸ (1592–1596)",
                        "ຄິໂຊ (1596–1615)",
                        "ເກັນວາ (1615–1624)",
                        "ຄານ-ອິ (1624–1644)",
                        "ໂຊໂຊ (1644–1648)",
                        "ຄຽນ (1648–1652)",
                        "ຊຸ (1652–1655)",
                        "ເມຍຢາກຸ (1655–1658)",
                        "ແມນຈິ (1658–1661)",
                        "ການບຸນ (1661–1673)",
                        "ເອັນໂປ (1673–1681)",
                        "ເທັນວາ (1681–1684)",
                        "ໂຈກຽວ (1684–1688)",
                        "ເຈັນໂຣກຸ (1688–1704)",
                        "ໂຫອິ (1704–1711)",
                        "ຊຸຕຸກຸ (1711–1716)",
                        "ກຽວຫຸ (1716–1736)",
                        "ເຈັນບຸນ (1736–1741)",
                        "ຄານໂປ (1741–1744)",
                        "ເອັນກຽວ (1744–1748)",
                        "ຄານ-ອິນ (1748–1751)",
                        "ໂຫຢາກຸ (1751–1764)",
                        "ເມຍວາ (1764–1772)",
                        "ເອັນ-ອິ (1772–1781)",
                        "ເທັນມິ (1781–1789)",
                        "ຄານຊິ (1789–1801)",
                        "ກຽວວາ (1801–1804)",
                        "ບຸນກາ (1804–1818)",
                        "ບຸນຊິ (1818–1830)",
                        "ເທັນໂປ (1830–1844)",
                        "ກຸກາ (1844–1848)",
                        "ກາອິ (1848–1854)",
                        "ແອັນຊິ (1854–1860)",
                        "ແມັນ-ເອັນ (1860–1861)",
                        "ບຸນກຸ (1861–1864)",
                        "ເຈນຈີ (1864–1865)",
                        "ຄີໂອ (1865–1868)",
                        "ມີຈີ",
                        "ໄຕໂຊ",
                        "ໂຊວາ",
                        "ຮີຊີ"
                    ]
                }
            },
            "persian": {
                "months": {
                    "narrow": [
                        "1",
                        "2",
                        "3",
                        "4",
                        "5",
                        "6",
                        "7",
                        "8",
                        "9",
                        "10",
                        "11",
                        "12"
                    ],
                    "short": [
                        "ຟາຣວາດິນ",
                        "ອໍຣດີບີເຫຣດ",
                        "ຄໍຣເດດ",
                        "ແຕຣ",
                        "ມໍຣເດດ",
                        "ຊາຣຫິວາ",
                        "ເມີ",
                        "ອາບານ",
                        "ອາຊາ",
                        "ດີຣ",
                        "ບຣາມານ",
                        "ເອສຟານ"
                    ],
                    "long": [
                        "ຟຣາວາດິນ",
                        "ອໍຣດີບີເຫຣດ",
                        "ຄໍຣເດດ",
                        "ແຕຣ",
                        "ມໍຣດາເ",
                        "ຊາຣຫິວາ",
                        "ເມີ",
                        "ອາບານ",
                        "ອາຊາຣ",
                        "ດີຣ",
                        "ບຣາແມນ",
                        "ເອສຟານ"
                    ]
                },
                "eras": {
                    "short": [
                        "ປີເປີເຊຍ"
                    ]
                }
            },
            "roc": {
                "eras": {
                    "short": [
                        "ກ່ອນ R.O.C.",
                        "R.O.C."
                    ]
                }
            }
        }
    },
    "number": {
        "nu": [
            "latn"
        ],
        "patterns": {
            "decimal": {
                "positivePattern": "{number}",
                "negativePattern": "-{number}"
            },
            "currency": {
                "positivePattern": "{currency}{number}",
                "negativePattern": "{currency}-{number}"
            },
            "percent": {
                "positivePattern": "{number}%",
                "negativePattern": "-{number}%"
            }
        },
        "symbols": {
            "latn": {
                "decimal": ",",
                "group": ".",
                "nan": "ບໍ່ແມ່ນໂຕເລກ",
                "percent": "%",
                "infinity": "∞"
            }
        },
        "currencies": {
            "AUD": "A$",
            "BRL": "R$",
            "CAD": "CA$",
            "CNY": "CN¥",
            "EUR": "€",
            "GBP": "£",
            "HKD": "HK$",
            "ILS": "₪",
            "INR": "₹",
            "JPY": "JP¥",
            "KRW": "₩",
            "LAK": "₭",
            "MXN": "MX$",
            "NZD": "NZ$",
            "THB": "฿",
            "TWD": "NT$",
            "USD": "US$",
            "VND": "₫",
            "XAF": "FCFA",
            "XCD": "EC$",
            "XOF": "CFA",
            "XPF": "CFPF"
        }
    }
}